,R² Score,RMSE,MAE,CV R² Mean
Linear Regression,0.6178377673911195,0.8467099755489764,0.6810061922894394,0.629999753768586
Ridge Regression,0.61786078938219,0.846684471664222,0.6810156572046572,0.6300063676981157
Lasso Regression,0.609171347868634,0.8562567165857761,0.6871016984203402,0.6108509874802582
Random Forest,0.7921305537032945,0.6244621548380654,0.40134075000000036,0.7888868989748352
Gradient Boosting,0.8007165324307155,0.6114295575490042,0.4116695846892361,0.7915913198683093
